{
	"credit": "Made with Blockbench",
	"textures": {
		"0": "block/red_mushroom_dfx",
		"particle": "block/red_mushroom"
	},
	"elements": [
		{
			"from": [7, 0, 7],
			"to": [9, 3, 9],
			"faces": {
				"north": {"uv": [4, 6, 6, 9], "texture": "#0"},
				"east": {"uv": [4, 6, 6, 9], "texture": "#0"},
				"south": {"uv": [4, 6, 6, 9], "texture": "#0"},
				"west": {"uv": [4, 6, 6, 9], "texture": "#0"},
				"down": {"uv": [4, 7, 6, 9], "texture": "#0"}
			}
		},
		{
			"from": [5, 3, 5],
			"to": [11, 6, 11],
			"faces": {
				"north": {"uv": [10, 6, 16, 9], "texture": "#0"},
				"east": {"uv": [10, 9, 16, 12], "texture": "#0"},
				"south": {"uv": [10, 6, 16, 9], "texture": "#0"},
				"west": {"uv": [10, 9, 16, 12], "texture": "#0"},
				"up": {"uv": [4, 0, 10, 6], "texture": "#0"},
				"down": {"uv": [10, 0, 16, 6], "texture": "#0"}
			}
		},
		{
			"from": [6, 6, 6],
			"to": [10, 8, 10],
			"rotation": {"angle": 0, "axis": "y", "origin": [9, 11, 7]},
			"faces": {
				"north": {"uv": [0, 4, 4, 6], "texture": "#0"},
				"east": {"uv": [0, 6, 4, 8], "texture": "#0"},
				"south": {"uv": [0, 4, 4, 6], "texture": "#0"},
				"west": {"uv": [0, 6, 4, 8], "texture": "#0"},
				"up": {"uv": [0, 0, 4, 4], "texture": "#0"}
			}
		}
	],
	"display": {
		"thirdperson_righthand": {
			"rotation": [0, 45, 0],
			"translation": [0, 4, 1],
			"scale": [0.6, 0.6, 0.6]
		},
		"thirdperson_lefthand": {
			"rotation": [0, 45, 0],
			"translation": [0, 4, 1],
			"scale": [0.6, 0.6, 0.6]
		},
		"firstperson_righthand": {
			"rotation": [0, 45, 0],
			"translation": [0, 2.75, 0],
			"scale": [0.65, 0.65, 0.65]
		},
		"firstperson_lefthand": {
			"rotation": [0, 225, 0],
			"translation": [0, 2.75, 0],
			"scale": [0.65, 0.65, 0.65]
		},
		"ground": {
			"translation": [0, 3.5, 0],
			"scale": [0.6, 0.6, 0.6]
		},
		"gui": {
			"rotation": [30, 225, 0],
			"translation": [0, -0.25, 0]
		},
		"head": {
			"translation": [0, 14.25, 0]
		},
		"fixed": {
			"translation": [0, 3.25, 0]
		}
	}
}