{
	"credit": "Made with Blockbench",
	"ambientocclusion": false,
	"textures": {
		"1": "block/brewing_stand",
		"particle": "block/brewing_stand"
	},
	"elements": [
		{
			"from": [9, 12.625, 7.5],
			"to": [11, 13.5, 8.5],
			"rotation": {"angle": 0, "axis": "y", "origin": [7.5, 9.5, 8]},
			"faces": {
				"north": {"uv": [12, 2, 10, 3], "texture": "#1"},
				"south": {"uv": [6, 2, 4, 3], "texture": "#1"},
				"up": {"uv": [11, 2.5, 9, 3], "texture": "#1"},
				"down": {"uv": [5, 2, 7, 3], "texture": "#1"}
			}
		},
		{
			"from": [10, 13.5, 7.5],
			"to": [11, 14.5, 8.5],
			"rotation": {"angle": 0, "axis": "y", "origin": [7, 10.5, 8]},
			"faces": {
				"north": {"uv": [11, 1, 12, 2], "texture": "#1"},
				"south": {"uv": [12, 1, 11, 2], "texture": "#1"},
				"west": {"uv": [11, 2, 10.5, 2.5], "texture": "#1"},
				"up": {"uv": [11, 1, 12, 2], "texture": "#1"}
			}
		},
		{
			"from": [9, 12.125, 7.5],
			"to": [9.5, 12.625, 8.5],
			"rotation": {"angle": 0, "axis": "y", "origin": [6, 9.125, 8]},
			"faces": {
				"north": {"uv": [7, 3, 6, 4], "texture": "#1"},
				"east": {"uv": [6, 3, 7, 4], "texture": "#1"},
				"south": {"uv": [6, 3, 5, 4], "texture": "#1"},
				"west": {"uv": [0, 0, 0, 0], "texture": "#1"},
				"up": {"uv": [9.5, 3.5, 9, 4], "texture": "#1"},
				"down": {"uv": [6, 3, 7, 4], "texture": "#1"}
			}
		},
		{
			"from": [11, 14.5, 7.5],
			"to": [12, 15.5, 8.5],
			"rotation": {"angle": 0, "axis": "y", "origin": [8.5, 11.5, 8]},
			"faces": {
				"north": {"uv": [12, 0, 13, 2], "texture": "#1"},
				"east": {"uv": [13, 0, 12, 2], "texture": "#1"},
				"south": {"uv": [13, 0, 12, 2], "texture": "#1"},
				"west": {"uv": [12, 0, 13, 2], "texture": "#1"},
				"up": {"uv": [13, 0, 12, 2], "texture": "#1"}
			}
		},
		{
			"from": [12, 11.6875, 7.5],
			"to": [13, 13.5625, 8.5],
			"rotation": {"angle": 0, "axis": "y", "origin": [9, 9, 8]},
			"faces": {
				"north": {"uv": [14, 3, 13, 5], "texture": "#1"},
				"east": {"uv": [14, 3, 13, 5], "texture": "#1"},
				"south": {"uv": [14, 3, 13, 5], "texture": "#1"},
				"up": {"uv": [14, 3, 13, 4], "texture": "#1"},
				"down": {"uv": [13, 4, 14, 5], "texture": "#1"}
			}
		},
		{
			"from": [11.5, 7.5, 7.5],
			"to": [12, 8, 8.5],
			"rotation": {"angle": 0, "axis": "y", "origin": [8.5, 4.5, 8]},
			"faces": {
				"north": {"uv": [13, 9, 12, 10], "texture": "#1"},
				"east": {"uv": [12, 9, 13, 10], "texture": "#1"},
				"south": {"uv": [12, 9, 13, 10], "texture": "#1"},
				"west": {"uv": [12, 9, 13, 10], "texture": "#1"},
				"up": {"uv": [0, 0, 0, 0], "texture": "#1"},
				"down": {"uv": [12, 9, 13, 10], "texture": "#1"}
			}
		},
		{
			"from": [11, 8, 7.5],
			"to": [12, 14.5, 8.5],
			"rotation": {"angle": 0, "axis": "y", "origin": [9.5, 9.5, 8]},
			"faces": {
				"north": {"uv": [13, 2, 12, 9], "texture": "#1"},
				"east": {"uv": [12, 2, 13, 9], "texture": "#1"},
				"south": {"uv": [12, 2, 13, 9], "texture": "#1"},
				"west": {"uv": [13, 2, 12, 9], "texture": "#1"},
				"up": {"uv": [12, 2, 13, 3], "texture": "#1"},
				"down": {"uv": [13, 8, 12, 9], "texture": "#1"}
			}
		}
	]
}