{
	"credit": "Made with Blockbench",
	"ambientocclusion": false,
	"textures": {
		"1": "block/brewing_stand",
		"particle": "block/brewing_stand"
	},
	"elements": [
		{
			"from": [3.5, 12.625, 5],
			"to": [4.5, 13.5625, 7],
			"rotation": {"angle": 45, "axis": "y", "origin": [4, 9, 4]},
			"faces": {
				"north": {"uv": [0, 0, 0, 0], "texture": "#1"},
				"east": {"uv": [6, 2, 4, 3], "texture": "#1"},
				"south": {"uv": [0, 0, 0, 0], "texture": "#1"},
				"west": {"uv": [12, 2, 10, 3], "texture": "#1"},
				"up": {"uv": [11, 2, 9, 3], "rotation": 270, "texture": "#1"},
				"down": {"uv": [5, 2, 7, 3], "rotation": 90, "texture": "#1"}
			}
		},
		{
			"from": [3.5, 13.5625, 5],
			"to": [4.5, 14.625, 6],
			"rotation": {"angle": 45, "axis": "y", "origin": [4, 9, 4]},
			"faces": {
				"north": {"uv": [0, 0, 0, 0], "texture": "#1"},
				"east": {"uv": [12, 1, 11, 2], "texture": "#1"},
				"south": {"uv": [12, 1, 11, 2], "texture": "#1"},
				"west": {"uv": [12, 1, 11, 2], "texture": "#1"},
				"up": {"uv": [12, 1, 11, 2], "rotation": 270, "texture": "#1"},
				"down": {"uv": [0, 0, 0, 0], "texture": "#1"}
			}
		},
		{
			"from": [3.5, 14.5, 4],
			"to": [4.5, 15.5, 5],
			"rotation": {"angle": 45, "axis": "y", "origin": [4, 9, 4]},
			"faces": {
				"north": {"uv": [13, 0, 12, 2], "texture": "#1"},
				"east": {"uv": [13, 0, 12, 2], "texture": "#1"},
				"south": {"uv": [13, 0, 12, 1], "texture": "#1"},
				"west": {"uv": [13, 0, 12, 2], "texture": "#1"},
				"up": {"uv": [13, 0, 12, 2], "rotation": 270, "texture": "#1"},
				"down": {"uv": [0, 0, 0, 0], "texture": "#1"}
			}
		},
		{
			"from": [3.5, 11.6875, 3],
			"to": [4.5, 13.5625, 4],
			"rotation": {"angle": 45, "axis": "y", "origin": [4, 10.0625, 4]},
			"faces": {
				"north": {"uv": [14, 3, 13, 5], "texture": "#1"},
				"east": {"uv": [14, 3, 13, 5], "texture": "#1"},
				"south": {"uv": [0, 0, 0, 0], "texture": "#1"},
				"west": {"uv": [14, 3, 13, 5], "texture": "#1"},
				"up": {"uv": [14, 3, 13, 4], "rotation": 270, "texture": "#1"},
				"down": {"uv": [14, 3, 13, 4], "rotation": 90, "texture": "#1"}
			}
		},
		{
			"from": [3.5, 7.5, 4],
			"to": [4.5, 8, 4.5],
			"rotation": {"angle": 45, "axis": "y", "origin": [4, 9, 4]},
			"faces": {
				"north": {"uv": [13, 9, 12, 10], "texture": "#1"},
				"east": {"uv": [13, 9, 12, 10], "texture": "#1"},
				"south": {"uv": [13, 9, 12, 10], "texture": "#1"},
				"west": {"uv": [13, 9, 12, 10], "texture": "#1"},
				"up": {"uv": [0, 0, 0, 0], "texture": "#1"},
				"down": {"uv": [13, 9, 12, 10], "rotation": 90, "texture": "#1"}
			}
		},
		{
			"from": [3.5, 8, 4],
			"to": [4.5, 14.5, 5],
			"rotation": {"angle": 45, "axis": "y", "origin": [4, 9, 4]},
			"faces": {
				"north": {"uv": [13, 2, 12, 9], "texture": "#1"},
				"east": {"uv": [12, 2, 13, 9], "texture": "#1"},
				"south": {"uv": [13, 2, 12, 9], "texture": "#1"},
				"west": {"uv": [13, 2, 12, 9], "texture": "#1"},
				"up": {"uv": [12, 2, 13, 3], "rotation": 270, "texture": "#1"},
				"down": {"uv": [13, 8, 12, 9], "rotation": 90, "texture": "#1"}
			}
		},
		{
			"from": [3.5, 12.625, 7],
			"to": [4.5, 13.5625, 9],
			"rotation": {"angle": 45, "axis": "y", "origin": [4, 9.5, 4]},
			"faces": {
				"north": {"uv": [0, 0, 0, 0], "texture": "#1"},
				"east": {"uv": [5, 2, 7, 3], "texture": "#1"},
				"south": {"uv": [0, 0, 0, 0], "texture": "#1"},
				"west": {"uv": [9, 2, 11, 3], "texture": "#1"},
				"up": {"uv": [5, 2, 7, 3], "rotation": 270, "texture": "#1"},
				"down": {"uv": [9, 2, 11, 3], "rotation": 270, "texture": "#1"}
			}
		},
		{
			"from": [3.5, 12.125, 8],
			"to": [4.5, 12.625, 9],
			"rotation": {"angle": 45, "axis": "y", "origin": [4, 9.625, 4]},
			"faces": {
				"north": {"uv": [10, 3, 9, 4], "rotation": 90, "texture": "#1"},
				"east": {"uv": [10, 3, 9, 4], "rotation": 90, "texture": "#1"},
				"south": {"uv": [0, 0, 0, 0], "texture": "#1"},
				"west": {"uv": [10, 3, 9, 4], "rotation": 90, "texture": "#1"},
				"up": {"uv": [0, 0, 0, 0], "texture": "#1"},
				"down": {"uv": [10, 3, 9, 4], "rotation": 90, "texture": "#1"}
			}
		}
	]
}