{
	"credit": "Made with Blockbench",
	"parent": "minecraft:block/cross",
	"textures": {
		"1": "block/fungus_block_inside",
		"particle": "block/brown_mushroom",
		"outside": "block/brown_mushroom"
	},
	"elements": [
		{
			"from": [5, 4, 5],
			"to": [11, 7, 11],
			"faces": {
				"north": {"uv": [5, 9, 11, 12], "texture": "#outside"},
				"east": {"uv": [5, 6, 11, 9], "texture": "#outside"},
				"south": {"uv": [5, 9, 11, 12], "texture": "#outside"},
				"west": {"uv": [5, 8, 11, 11], "texture": "#outside"},
				"up": {"uv": [5, 6, 11, 12], "texture": "#outside"},
				"down": {"uv": [5, 8, 11, 11], "texture": "#1"}
			}
		},
		{
			"from": [7, 0, 7],
			"to": [9, 4, 9],
			"faces": {
				"north": {"uv": [7, 12, 9, 16], "texture": "#outside"},
				"east": {"uv": [7, 12, 9, 16], "texture": "#outside"},
				"south": {"uv": [7, 12, 9, 16], "texture": "#outside"},
				"west": {"uv": [7, 12, 9, 16], "texture": "#outside"},
				"up": {"uv": [7, 7, 9, 9], "texture": "#missing"},
				"down": {"uv": [7, 7, 9, 9], "texture": "#1"}
			}
		}
	],
	"display": {
		"thirdperson_righthand": {
			"translation": [0, 3, 1],
			"scale": [0.55, 0.55, 0.55]
		},
		"thirdperson_lefthand": {
			"translation": [0, 3, 1],
			"scale": [0.55, 0.55, 0.55]
		},
		"firstperson_righthand": {
			"rotation": [0, -90, 25],
			"translation": [1.13, 3.2, 1.13],
			"scale": [0.68, 0.68, 0.68]
		},
		"firstperson_lefthand": {
			"rotation": [0, -90, 25],
			"translation": [1.13, 3.2, 1.13],
			"scale": [0.68, 0.68, 0.68]
		},
		"ground": {
			"translation": [0, 2, 0],
			"scale": [0.5, 0.5, 0.5]
		},
		"gui": {
			"rotation": [30, 135, 0]
		},
		"head": {
			"rotation": [0, 180, 0],
			"translation": [0, 13, 7]
		},
		"fixed": {
			"rotation": [0, 180, 0]
		}
	}
}