{
	"credit": "Made with Blockbench",
	"parent": "minecraft:block/block",
	"ambientocclusion": false,
	"textures": {
		"particle": "block/red_mushroom",
		"outside": "block/red_mushroom",
		"inside": "block/fungus_block_inside"
	},
	"elements": [
		{
			"from": [5, 3, 5],
			"to": [11, 7, 11],
			"faces": {
				"north": {"uv": [5, 9, 11, 13], "texture": "#outside"},
				"east": {"uv": [5, 7, 11, 11], "texture": "#outside"},
				"south": {"uv": [5, 8, 11, 12], "texture": "#outside"},
				"west": {"uv": [5, 9, 11, 13], "texture": "#outside"},
				"up": {"uv": [5, 7, 11, 13], "texture": "#outside"},
				"down": {"uv": [5, 5, 11, 11], "texture": "#inside"}
			}
		},
		{
			"from": [7, 0, 7],
			"to": [9, 3, 9],
			"faces": {
				"north": {"uv": [7, 13, 9, 16], "texture": "#outside"},
				"east": {"uv": [7, 13, 9, 16], "texture": "#outside"},
				"south": {"uv": [7, 13, 9, 16], "texture": "#outside"},
				"west": {"uv": [7, 13, 9, 16], "texture": "#outside"},
				"up": {"uv": [7, 7, 9, 9], "texture": "#inside"},
				"down": {"uv": [7, 7, 9, 9], "texture": "#inside"}
			}
		}
	],
	"display": {
		"thirdperson_righthand": {
			"translation": [0, 3, 1],
			"scale": [0.55, 0.55, 0.55]
		},
		"thirdperson_lefthand": {
			"translation": [0, 3, 1],
			"scale": [0.55, 0.55, 0.55]
		},
		"firstperson_righthand": {
			"rotation": [0, -90, 25],
			"translation": [1.13, 3.2, 1.13],
			"scale": [0.68, 0.68, 0.68]
		},
		"firstperson_lefthand": {
			"rotation": [0, -90, 25],
			"translation": [1.13, 3.2, 1.13],
			"scale": [0.68, 0.68, 0.68]
		},
		"ground": {
			"translation": [0, 2, 0],
			"scale": [0.5, 0.5, 0.5]
		},
		"gui": {
			"rotation": [30, 135, 0]
		}
	},
	"groups": [
		{
			"name": "red_mushroom",
			"origin": [8, 8, 8],
			"children": [0, 1]
		}
	]
}