{
	"credit": "Made with Blockbench",
	"ambientocclusion": false,
	"textures": {
		"2": "block/brewing_stand",
		"particle": "block/brewing_stand",
		"potion": "block/potion_0"
	},
	"elements": [
		{
			"from": [3.5, 12.6875, 5],
			"to": [4.5, 13.625, 7],
			"rotation": {"angle": 45, "axis": "y", "origin": [4, 9.5, 4]},
			"faces": {
				"north": {"uv": [0, 0, 0, 0], "texture": "#2"},
				"east": {"uv": [6, 2, 4, 3], "texture": "#2"},
				"south": {"uv": [0, 0, 0, 0], "texture": "#2"},
				"west": {"uv": [4, 2, 6, 3], "texture": "#2"},
				"up": {"uv": [6, 2, 4, 3], "rotation": 270, "texture": "#2"},
				"down": {"uv": [6, 2, 4, 3], "rotation": 90, "texture": "#2"}
			}
		},
		{
			"from": [3.5, 12.6875, 7],
			"to": [4.5, 13.625, 9],
			"rotation": {"angle": 45, "axis": "y", "origin": [4, 9.5, 4]},
			"faces": {
				"north": {"uv": [0, 0, 0, 0], "texture": "#2"},
				"east": {"uv": [5, 2, 7, 3], "texture": "#2"},
				"south": {"uv": [0, 0, 0, 0], "texture": "#2"},
				"west": {"uv": [9, 2, 11, 3], "texture": "#2"},
				"up": {"uv": [5, 2, 7, 3], "rotation": 270, "texture": "#2"},
				"down": {"uv": [9, 2, 11, 3], "rotation": 270, "texture": "#2"}
			}
		},
		{
			"from": [3.5, 13.625, 5],
			"to": [4.5, 14.625, 6],
			"rotation": {"angle": 45, "axis": "y", "origin": [4, 9.5, 4]},
			"faces": {
				"north": {"uv": [0, 0, 0, 0], "texture": "#2"},
				"east": {"uv": [5, 1, 4, 2], "texture": "#2"},
				"south": {"uv": [5, 1, 4, 2], "texture": "#2"},
				"west": {"uv": [5, 1, 4, 2], "texture": "#2"},
				"up": {"uv": [5, 1, 4, 2], "rotation": 270, "texture": "#2"},
				"down": {"uv": [0, 0, 0, 0], "texture": "#2"}
			}
		},
		{
			"from": [3.5, 12.1875, 8],
			"to": [4.5, 12.6875, 9],
			"rotation": {"angle": 45, "axis": "y", "origin": [4, 9.6875, 4]},
			"faces": {
				"north": {"uv": [7, 3, 6, 4], "texture": "#2"},
				"east": {"uv": [7, 3, 6, 4], "texture": "#2"},
				"south": {"uv": [0, 0, 0, 0], "texture": "#2"},
				"west": {"uv": [7, 3, 6, 4], "texture": "#2"},
				"up": {"uv": [0, 0, 0, 0], "texture": "#2"},
				"down": {"uv": [7, 3, 6, 4], "rotation": 90, "texture": "#2"}
			}
		},
		{
			"from": [3.5, 14.5, 4],
			"to": [4.5, 15.5, 5],
			"rotation": {"angle": 45, "axis": "y", "origin": [4, 9.5, 4]},
			"faces": {
				"north": {"uv": [4, 0, 3, 1], "texture": "#2"},
				"east": {"uv": [4, 0, 3, 1], "texture": "#2"},
				"south": {"uv": [4, 0, 3, 1], "texture": "#2"},
				"west": {"uv": [4, 0, 3, 1], "texture": "#2"},
				"up": {"uv": [3, 0, 4, 1], "rotation": 270, "texture": "#2"},
				"down": {"uv": [0, 0, 0, 0], "texture": "#2"}
			}
		},
		{
			"from": [3.5, 10.875, 3],
			"to": [4.5, 12.6875, 4],
			"rotation": {"angle": 45, "axis": "y", "origin": [4, 9.5, 4]},
			"faces": {
				"north": {"uv": [2, 3, 3, 5], "texture": "#2"},
				"east": {"uv": [2, 3, 3, 5], "texture": "#2"},
				"south": {"uv": [0, 0, 0, 0], "texture": "#2"},
				"west": {"uv": [2, 3, 3, 5], "texture": "#2"},
				"up": {"uv": [2, 3, 3, 4], "rotation": 270, "texture": "#2"},
				"down": {"uv": [2, 4, 3, 5], "rotation": 90, "texture": "#2"}
			}
		},
		{
			"from": [3.5, 10, 3.5],
			"to": [4.5, 10.5, 4],
			"rotation": {"angle": 45, "axis": "y", "origin": [4, 9.5, 4]},
			"faces": {
				"north": {"uv": [4, 5, 3, 6], "texture": "#2"},
				"east": {"uv": [4, 5, 3, 6], "texture": "#2"},
				"south": {"uv": [0, 0, 0, 0], "texture": "#2"},
				"west": {"uv": [4, 5, 3, 6], "texture": "#2"},
				"up": {"uv": [4, 5, 3, 6], "rotation": 270, "texture": "#2"},
				"down": {"uv": [0, 0, 0, 0], "texture": "#2"}
			}
		},
		{
			"from": [3.5, 10, 4],
			"to": [4.5, 14.5, 5],
			"rotation": {"angle": 45, "axis": "y", "origin": [4, 9.5, 4]},
			"faces": {
				"north": {"uv": [4, 1, 3, 6], "texture": "#2"},
				"east": {"uv": [4, 1, 3, 6], "texture": "#2"},
				"south": {"uv": [3, 1, 4, 6], "texture": "#2"},
				"west": {"uv": [3, 1, 4, 6], "texture": "#2"},
				"up": {"uv": [4, 1, 3, 2], "rotation": 270, "texture": "#2"},
				"down": {"uv": [4, 5, 3, 6], "rotation": 90, "texture": "#2"}
			}
		},
		{
			"from": [3.5, 9, 3.5],
			"to": [4.5, 10, 4.5],
			"rotation": {"angle": 45, "axis": "y", "origin": [4, 9.5, 4]},
			"faces": {
				"north": {"uv": [2, 6, 3, 7], "texture": "#2"},
				"east": {"uv": [2, 6, 3, 7], "texture": "#2"},
				"south": {"uv": [2, 6, 3, 7], "texture": "#2"},
				"west": {"uv": [2, 6, 3, 7], "texture": "#2"},
				"up": {"uv": [0, 0, 0, 0], "texture": "#2"},
				"down": {"uv": [0, 0, 0, 0], "texture": "#2"}
			}
		},
		{
			"from": [2.5, 2, 2.5],
			"to": [5.5, 6, 5.5],
			"rotation": {"angle": 0, "axis": "y", "origin": [10.5, 10, 10.5]},
			"faces": {
				"north": {"uv": [1, 12, 4, 16], "texture": "#potion"},
				"east": {"uv": [1, 12, 4, 16], "texture": "#potion"},
				"south": {"uv": [1, 12, 4, 16], "texture": "#potion"},
				"west": {"uv": [1, 12, 4, 16], "texture": "#potion"},
				"up": {"uv": [1, 5.5, 4, 8.5], "texture": "#potion"}
			}
		},
		{
			"from": [3, 6, 3],
			"to": [5, 6.5, 5],
			"rotation": {"angle": 0, "axis": "y", "origin": [11, 14, 11]},
			"faces": {
				"north": {"uv": [1.5, 6, 3.5, 6.5], "texture": "#potion"},
				"east": {"uv": [3, 6, 3.5, 8], "texture": "#potion"},
				"south": {"uv": [1.5, 7.5, 3.5, 8], "texture": "#potion"},
				"west": {"uv": [1.5, 6, 2, 8], "texture": "#potion"},
				"up": {"uv": [1.5, 6, 3.5, 8], "texture": "#potion"}
			}
		},
		{
			"from": [3.5, 6.5, 3.5],
			"to": [4.5, 8, 4.5],
			"rotation": {"angle": 0, "axis": "y", "origin": [11.5, 14.5, 11.5]},
			"faces": {
				"north": {"uv": [2, 10, 3, 11.5], "texture": "#potion"},
				"east": {"uv": [2, 10, 3, 11.5], "texture": "#potion"},
				"south": {"uv": [2, 10, 3, 11.5], "texture": "#potion"},
				"west": {"uv": [2, 10, 3, 11.5], "texture": "#potion"}
			}
		},
		{
			"from": [2, 3, 2],
			"to": [6, 5.5, 6],
			"rotation": {"angle": 0, "axis": "y", "origin": [10, 11, 10]},
			"faces": {
				"north": {"uv": [0.5, 12.5, 4.5, 15], "texture": "#potion"},
				"east": {"uv": [0.5, 12.5, 4.5, 15], "texture": "#potion"},
				"south": {"uv": [0.5, 12.5, 4.5, 15], "texture": "#potion"},
				"west": {"uv": [0.5, 12.5, 4.5, 15], "texture": "#potion"},
				"up": {"uv": [0.5, 5, 4.5, 9], "texture": "#potion"},
				"down": {"uv": [0.5, 8.5, 1, 9], "texture": "#potion"}
			}
		},
		{
			"from": [3, 8.5, 3],
			"to": [5, 9, 5],
			"rotation": {"angle": 0, "axis": "y", "origin": [11, 15.9, 11]},
			"faces": {
				"north": {"uv": [1.5, 9, 3.5, 9.5], "texture": "#potion"},
				"east": {"uv": [1.5, 9, 3.5, 9.5], "texture": "#potion"},
				"south": {"uv": [1.5, 9, 3.5, 9.5], "texture": "#potion"},
				"west": {"uv": [1.5, 9, 3.5, 9.5], "texture": "#potion"},
				"up": {"uv": [1.5, 3, 3.5, 5], "texture": "#potion"}
			}
		},
		{
			"from": [2, 2.5, 5.5],
			"to": [2.5, 3, 6],
			"rotation": {"angle": 0, "axis": "y", "origin": [10, 10.5, 13.5]},
			"faces": {
				"north": {"uv": [4, 15, 4.5, 15.5], "texture": "#potion"},
				"east": {"uv": [4, 15, 4.5, 15.5], "texture": "#potion"},
				"south": {"uv": [4, 15, 4.5, 15.5], "texture": "#potion"},
				"west": {"uv": [4, 15, 4.5, 15.5], "texture": "#potion"},
				"down": {"uv": [4, 15, 4.5, 15.5], "texture": "#potion"}
			}
		},
		{
			"from": [5.5, 2.5, 5.5],
			"to": [6, 3, 6],
			"rotation": {"angle": 0, "axis": "y", "origin": [13.5, 10.5, 13.5]},
			"faces": {
				"north": {"uv": [0.5, 15, 1, 15.5], "texture": "#potion"},
				"east": {"uv": [0.5, 15, 1, 15.5], "texture": "#potion"},
				"south": {"uv": [0.5, 15, 1, 15.5], "texture": "#potion"},
				"west": {"uv": [0.5, 15, 1, 15.5], "texture": "#potion"},
				"down": {"uv": [0.5, 15, 1, 15.5], "texture": "#potion"}
			}
		},
		{
			"from": [5.5, 2.5, 2],
			"to": [6, 3, 2.5],
			"rotation": {"angle": 0, "axis": "y", "origin": [13.5, 10.5, 10]},
			"faces": {
				"north": {"uv": [0.5, 15, 1, 15.5], "texture": "#potion"},
				"east": {"uv": [0.5, 15, 1, 15.5], "texture": "#potion"},
				"south": {"uv": [0.5, 15, 1, 15.5], "texture": "#potion"},
				"west": {"uv": [0.5, 15, 1, 15.5], "texture": "#potion"},
				"down": {"uv": [0.5, 15, 1, 15.5], "texture": "#potion"}
			}
		},
		{
			"from": [5.5, 5.5, 2],
			"to": [6, 6, 2.5],
			"rotation": {"angle": 0, "axis": "y", "origin": [13.5, 13.5, 10]},
			"faces": {
				"north": {"uv": [0.5, 12, 1, 12.5], "texture": "#potion"},
				"east": {"uv": [0.5, 12, 1, 12.5], "texture": "#potion"},
				"south": {"uv": [0.5, 12, 1, 12.5], "texture": "#potion"},
				"west": {"uv": [0.5, 12, 1, 12.5], "texture": "#potion"},
				"up": {"uv": [0.5, 12, 1, 12.5], "texture": "#potion"}
			}
		},
		{
			"from": [5.5, 5.5, 5.5],
			"to": [6, 6, 6],
			"rotation": {"angle": 0, "axis": "y", "origin": [13.5, 13.5, 13.5]},
			"faces": {
				"north": {"uv": [0.5, 12, 1, 12.5], "texture": "#potion"},
				"east": {"uv": [0.5, 12, 1, 12.5], "texture": "#potion"},
				"south": {"uv": [0.5, 12, 1, 12.5], "texture": "#potion"},
				"west": {"uv": [0.5, 12, 1, 12.5], "texture": "#potion"},
				"up": {"uv": [0.5, 12, 1, 12.5], "texture": "#potion"}
			}
		},
		{
			"from": [2, 2.5, 2],
			"to": [2.5, 3, 2.5],
			"rotation": {"angle": 0, "axis": "y", "origin": [10, 10.5, 10]},
			"faces": {
				"north": {"uv": [4, 15, 4.5, 15.5], "texture": "#potion"},
				"east": {"uv": [4, 15, 4.5, 15.5], "texture": "#potion"},
				"south": {"uv": [4, 15, 4.5, 15.5], "texture": "#potion"},
				"west": {"uv": [4, 15, 4.5, 15.5], "texture": "#potion"},
				"down": {"uv": [4, 15, 4.5, 15.5], "texture": "#potion"}
			}
		},
		{
			"from": [5.5, 5.5, 4.5],
			"to": [6, 6, 5],
			"rotation": {"angle": 0, "axis": "y", "origin": [13.5, 13.5, 12.5]},
			"faces": {
				"north": {"uv": [1.5, 12, 2, 12.5], "texture": "#potion"},
				"east": {"uv": [1.5, 12, 2, 12.5], "texture": "#potion"},
				"south": {"uv": [1.5, 12, 2, 12.5], "texture": "#potion"},
				"up": {"uv": [1.5, 12, 2, 12.5], "texture": "#potion"}
			}
		},
		{
			"from": [6, 4, 5],
			"to": [6.5, 5.5, 5.5],
			"rotation": {"angle": 0, "axis": "y", "origin": [14, 12.5, 13]},
			"faces": {
				"north": {"uv": [1, 12.5, 1.5, 14], "texture": "#potion"},
				"east": {"uv": [1, 12.5, 1.5, 14], "texture": "#potion"},
				"south": {"uv": [1, 12.5, 1.5, 14], "texture": "#potion"},
				"up": {"uv": [1, 12.5, 1.5, 13], "texture": "#potion"},
				"down": {"uv": [1, 13.5, 1.5, 14], "texture": "#potion"}
			}
		},
		{
			"from": [6, 3, 2.5],
			"to": [6.5, 4.5, 3],
			"rotation": {"angle": 0, "axis": "y", "origin": [14, 12, 10.5]},
			"faces": {
				"north": {"uv": [3.5, 13.5, 4, 15], "texture": "#potion"},
				"east": {"uv": [3.5, 13.5, 4, 15], "texture": "#potion"},
				"south": {"uv": [3.5, 13.5, 4, 15], "texture": "#potion"},
				"up": {"uv": [3.5, 13.5, 4, 14], "texture": "#potion"},
				"down": {"uv": [3.5, 13.5, 4, 14], "texture": "#potion"}
			}
		},
		{
			"from": [3, 5.5, 5.5],
			"to": [3.5, 6, 6],
			"rotation": {"angle": 0, "axis": "y", "origin": [11, 13.5, 13.5]},
			"faces": {
				"east": {"uv": [1.5, 12, 2, 12.5], "texture": "#potion"},
				"south": {"uv": [1.5, 12, 2, 12.5], "texture": "#potion"},
				"west": {"uv": [1.5, 12, 2, 12.5], "texture": "#potion"},
				"up": {"uv": [1.5, 12, 2, 12.5], "texture": "#potion"}
			}
		},
		{
			"from": [2.5, 4, 6],
			"to": [3, 5.5, 6.5],
			"rotation": {"angle": 0, "axis": "y", "origin": [10.5, 13, 14]},
			"faces": {
				"east": {"uv": [1, 12.5, 1.5, 14], "texture": "#potion"},
				"south": {"uv": [1, 12.5, 1.5, 14], "texture": "#potion"},
				"west": {"uv": [1, 12.5, 1.5, 14], "texture": "#potion"},
				"up": {"uv": [1, 12.5, 1.5, 13], "texture": "#potion"},
				"down": {"uv": [1, 13.5, 1.5, 14], "texture": "#potion"}
			}
		},
		{
			"from": [5, 3, 6],
			"to": [5.5, 4.5, 6.5],
			"rotation": {"angle": 0, "axis": "y", "origin": [13, 12, 14]},
			"faces": {
				"east": {"uv": [3.5, 13.5, 4, 15], "texture": "#potion"},
				"south": {"uv": [3.5, 13.5, 4, 15], "texture": "#potion"},
				"west": {"uv": [3.5, 13.5, 4, 15], "texture": "#potion"},
				"up": {"uv": [3.5, 13.5, 4, 14], "texture": "#potion"},
				"down": {"uv": [3.5, 14.5, 4, 15], "texture": "#potion"}
			}
		},
		{
			"from": [2, 5.5, 3],
			"to": [2.5, 6, 3.5],
			"rotation": {"angle": 0, "axis": "y", "origin": [10, 13.5, 11]},
			"faces": {
				"north": {"uv": [1.5, 12, 2, 12.5], "texture": "#potion"},
				"south": {"uv": [1.5, 12, 2, 12.5], "texture": "#potion"},
				"west": {"uv": [1.5, 12, 2, 12.5], "texture": "#potion"},
				"up": {"uv": [1.5, 12, 2, 12.5], "texture": "#potion"}
			}
		},
		{
			"from": [1.5, 4, 2.5],
			"to": [2, 5.5, 3],
			"rotation": {"angle": 0, "axis": "y", "origin": [9.5, 12.5, 10.5]},
			"faces": {
				"north": {"uv": [1, 12.5, 1.5, 14], "texture": "#potion"},
				"south": {"uv": [1, 12.5, 1.5, 14], "texture": "#potion"},
				"west": {"uv": [1, 12.5, 1.5, 14], "texture": "#potion"},
				"up": {"uv": [1, 12.5, 1.5, 13], "texture": "#potion"},
				"down": {"uv": [1, 12.5, 1.5, 13], "texture": "#potion"}
			}
		},
		{
			"from": [1.5, 3, 5],
			"to": [2, 4.5, 5.5],
			"rotation": {"angle": 0, "axis": "y", "origin": [9.5, 12, 13]},
			"faces": {
				"north": {"uv": [3.5, 13.5, 4, 15], "texture": "#potion"},
				"south": {"uv": [3.5, 13.5, 4, 15], "texture": "#potion"},
				"west": {"uv": [3.5, 13.5, 4, 15], "texture": "#potion"},
				"up": {"uv": [3.5, 13.5, 4, 14], "texture": "#potion"},
				"down": {"uv": [3.5, 14.5, 4, 15], "texture": "#potion"}
			}
		},
		{
			"from": [4.5, 5.5, 2],
			"to": [5, 6, 2.5],
			"rotation": {"angle": 0, "axis": "y", "origin": [12.5, 13.5, 10]},
			"faces": {
				"north": {"uv": [1, 12.5, 1.5, 13], "texture": "#potion"},
				"east": {"uv": [1.5, 12, 2, 12.5], "texture": "#potion"},
				"west": {"uv": [1.5, 12, 2, 12.5], "texture": "#potion"},
				"up": {"uv": [1.5, 12, 2, 12.5], "texture": "#potion"}
			}
		},
		{
			"from": [5, 4, 1.5],
			"to": [5.5, 5.5, 2],
			"rotation": {"angle": 0, "axis": "y", "origin": [13, 12.5, 9.5]},
			"faces": {
				"north": {"uv": [1, 12.5, 1.5, 14], "texture": "#potion"},
				"east": {"uv": [1, 12.5, 1.5, 13.5], "texture": "#potion"},
				"west": {"uv": [1, 12.5, 1.5, 13.5], "texture": "#potion"},
				"up": {"uv": [1, 12.5, 1.5, 13], "texture": "#potion"},
				"down": {"uv": [1, 13.5, 1.5, 14], "texture": "#potion"}
			}
		},
		{
			"from": [2.5, 3, 1.5],
			"to": [3, 4.5, 2],
			"rotation": {"angle": 0, "axis": "y", "origin": [10.5, 12, 9.5]},
			"faces": {
				"north": {"uv": [3.5, 13.5, 4, 15], "texture": "#potion"},
				"east": {"uv": [3.5, 13.5, 4, 15], "texture": "#potion"},
				"west": {"uv": [3.5, 13.5, 4, 14.5], "texture": "#potion"},
				"up": {"uv": [3.5, 13.5, 4, 14], "texture": "#potion"},
				"down": {"uv": [3.5, 14.5, 4, 15], "texture": "#potion"}
			}
		},
		{
			"from": [2, 5.5, 2],
			"to": [2.5, 6, 2.5],
			"rotation": {"angle": 0, "axis": "y", "origin": [10, 13.5, 10]},
			"faces": {
				"north": {"uv": [4, 12, 4.5, 12.5], "texture": "#potion"},
				"east": {"uv": [4, 12, 4.5, 12.5], "texture": "#potion"},
				"south": {"uv": [4, 12, 4.5, 12.5], "texture": "#potion"},
				"west": {"uv": [4, 12, 4.5, 12.5], "texture": "#potion"},
				"up": {"uv": [4, 12, 4.5, 12.5], "texture": "#potion"}
			}
		},
		{
			"from": [2, 5.5, 5.5],
			"to": [2.5, 6, 6],
			"rotation": {"angle": 0, "axis": "y", "origin": [10, 13.5, 13.5]},
			"faces": {
				"north": {"uv": [4, 12, 4.5, 12.5], "texture": "#potion"},
				"east": {"uv": [4, 12, 4.5, 12.5], "texture": "#potion"},
				"south": {"uv": [4, 12, 4.5, 12.5], "texture": "#potion"},
				"west": {"uv": [4, 12, 4.5, 12.5], "texture": "#potion"},
				"up": {"uv": [4, 12, 4.5, 12.5], "texture": "#potion"}
			}
		},
		{
			"from": [2.5, 6, 2.5],
			"to": [3, 6.5, 3],
			"rotation": {"angle": 0, "axis": "y", "origin": [10.5, 14, 10.5]},
			"faces": {
				"north": {"uv": [3.5, 11.5, 4, 12], "texture": "#potion"},
				"east": {"uv": [3.5, 11.5, 4, 12], "texture": "#potion"},
				"south": {"uv": [3.5, 11.5, 4, 12], "texture": "#potion"},
				"west": {"uv": [3.5, 11.5, 4, 12], "texture": "#potion"},
				"up": {"uv": [3.5, 11.5, 4, 12], "texture": "#potion"}
			}
		},
		{
			"from": [2.5, 6, 5],
			"to": [3, 6.5, 5.5],
			"rotation": {"angle": 0, "axis": "y", "origin": [10.5, 14, 13]},
			"faces": {
				"north": {"uv": [3.5, 11.5, 4, 12], "texture": "#potion"},
				"east": {"uv": [3.5, 11.5, 4, 12], "texture": "#potion"},
				"south": {"uv": [3.5, 11.5, 4, 12], "texture": "#potion"},
				"west": {"uv": [3.5, 11.5, 4, 12], "texture": "#potion"},
				"up": {"uv": [3.5, 11.5, 4, 12], "texture": "#potion"}
			}
		},
		{
			"from": [3, 6.5, 3],
			"to": [3.5, 8, 3.5],
			"rotation": {"angle": 0, "axis": "y", "origin": [11, 14.5, 11]},
			"faces": {
				"north": {"uv": [3, 10, 3.5, 11.5], "texture": "#potion"},
				"east": {"uv": [3, 10, 3.5, 11.5], "texture": "#potion"},
				"south": {"uv": [3, 10, 3.5, 11.5], "texture": "#potion"},
				"west": {"uv": [3, 10, 3.5, 11.5], "texture": "#potion"}
			}
		},
		{
			"from": [3, 6.5, 4.5],
			"to": [3.5, 8, 5],
			"rotation": {"angle": 0, "axis": "y", "origin": [11, 14.5, 12.5]},
			"faces": {
				"north": {"uv": [3, 10, 3.5, 11.5], "texture": "#potion"},
				"east": {"uv": [3, 10, 3.5, 11.5], "texture": "#potion"},
				"south": {"uv": [3, 10, 3.5, 11.5], "texture": "#potion"},
				"west": {"uv": [3, 10, 3.5, 11.5], "texture": "#potion"}
			}
		},
		{
			"from": [4.5, 6.5, 3],
			"to": [5, 8, 3.5],
			"rotation": {"angle": 0, "axis": "y", "origin": [12.5, 14.5, 11]},
			"faces": {
				"north": {"uv": [1.5, 10, 2, 11.5], "texture": "#potion"},
				"east": {"uv": [1.5, 10, 2, 11.5], "texture": "#potion"},
				"south": {"uv": [1.5, 10, 2, 11.5], "texture": "#potion"},
				"west": {"uv": [1.5, 10, 2, 11.5], "texture": "#potion"}
			}
		},
		{
			"from": [4.5, 6.5, 4.5],
			"to": [5, 8, 5],
			"rotation": {"angle": 0, "axis": "y", "origin": [12.5, 14.5, 12.5]},
			"faces": {
				"north": {"uv": [1.5, 10, 2, 11.5], "texture": "#potion"},
				"east": {"uv": [1.5, 10, 2, 11.5], "texture": "#potion"},
				"south": {"uv": [1.5, 10, 2, 11.5], "texture": "#potion"},
				"west": {"uv": [1.5, 10, 2, 11.5], "texture": "#potion"}
			}
		},
		{
			"from": [2.5, 8, 2.5],
			"to": [5.5, 8.5, 5.5],
			"rotation": {"angle": 0, "axis": "y", "origin": [13, 16, 10.5]},
			"faces": {
				"north": {"uv": [1, 9.5, 4, 10], "texture": "#potion"},
				"east": {"uv": [1, 9.5, 4, 10], "texture": "#potion"},
				"south": {"uv": [1, 9.5, 4, 10], "texture": "#potion"},
				"west": {"uv": [1, 9.5, 4, 10], "texture": "#potion"},
				"up": {"uv": [1, 9.5, 4, 10], "texture": "#potion"},
				"down": {"uv": [1, 9.5, 4, 10], "texture": "#potion"}
			}
		},
		{
			"from": [5, 6, 2.5],
			"to": [5.5, 6.5, 3],
			"rotation": {"angle": 0, "axis": "y", "origin": [13, 14, 10.5]},
			"faces": {
				"north": {"uv": [1, 11.5, 1.5, 12], "texture": "#potion"},
				"east": {"uv": [1, 11.5, 1.5, 12], "texture": "#potion"},
				"south": {"uv": [1, 11.5, 1.5, 12], "texture": "#potion"},
				"west": {"uv": [1, 11.5, 1.5, 12], "texture": "#potion"},
				"up": {"uv": [1, 11.5, 1.5, 12], "texture": "#potion"}
			}
		},
		{
			"from": [5, 6, 5],
			"to": [5.5, 6.5, 5.5],
			"rotation": {"angle": 0, "axis": "y", "origin": [13, 14, 13]},
			"faces": {
				"north": {"uv": [1, 11.5, 1.5, 12], "texture": "#potion"},
				"east": {"uv": [1, 11.5, 1.5, 12], "texture": "#potion"},
				"south": {"uv": [1, 11.5, 1.5, 12], "texture": "#potion"},
				"west": {"uv": [1, 11.5, 1.5, 12], "texture": "#potion"},
				"up": {"uv": [1, 11.5, 1.5, 12], "texture": "#potion"}
			}
		},
		{
			"from": [1.5, 3, 1.5],
			"to": [2, 5.5, 2],
			"rotation": {"angle": 0, "axis": "y", "origin": [9.5, 11, 9.5]},
			"faces": {
				"north": {"uv": [4.5, 12.5, 5, 15], "texture": "#potion"},
				"east": {"uv": [4.5, 12.5, 5, 15], "texture": "#potion"},
				"south": {"uv": [4.5, 12.5, 5, 15], "texture": "#potion"},
				"west": {"uv": [4.5, 12.5, 5, 15], "texture": "#potion"},
				"up": {"uv": [4.5, 12.5, 5, 13], "texture": "#potion"},
				"down": {"uv": [4.5, 14.5, 5, 15], "texture": "#potion"}
			}
		},
		{
			"from": [1.5, 3, 6],
			"to": [2, 5.5, 6.5],
			"rotation": {"angle": 0, "axis": "y", "origin": [9.5, 11, 14]},
			"faces": {
				"north": {"uv": [4.5, 12.5, 5, 15], "texture": "#potion"},
				"east": {"uv": [4.5, 12.5, 5, 15], "texture": "#potion"},
				"south": {"uv": [4.5, 12.5, 5, 15], "texture": "#potion"},
				"west": {"uv": [4.5, 12.5, 5, 15], "texture": "#potion"},
				"up": {"uv": [4.5, 12.5, 5, 13], "texture": "#potion"},
				"down": {"uv": [4.5, 14.5, 5, 15], "texture": "#potion"}
			}
		},
		{
			"from": [6, 3, 1.5],
			"to": [6.5, 5.5, 2],
			"rotation": {"angle": 0, "axis": "y", "origin": [14, 11, 9.5]},
			"faces": {
				"north": {"uv": [0, 12.5, 0.5, 15], "texture": "#potion"},
				"east": {"uv": [0, 12.5, 0.5, 15], "texture": "#potion"},
				"south": {"uv": [0, 12.5, 0.5, 15], "texture": "#potion"},
				"west": {"uv": [0, 12.5, 0.5, 15], "texture": "#potion"},
				"up": {"uv": [0, 12.5, 0.5, 13], "texture": "#potion"},
				"down": {"uv": [0, 14.5, 0.5, 15], "texture": "#potion"}
			}
		},
		{
			"from": [6, 3, 6],
			"to": [6.5, 5.5, 6.5],
			"rotation": {"angle": 0, "axis": "y", "origin": [14, 11, 14]},
			"faces": {
				"north": {"uv": [0, 12.5, 0.5, 15], "texture": "#potion"},
				"east": {"uv": [0, 12.5, 0.5, 15], "texture": "#potion"},
				"south": {"uv": [0, 12.5, 0.5, 15], "texture": "#potion"},
				"west": {"uv": [0, 12.5, 0.5, 15], "texture": "#potion"},
				"up": {"uv": [0, 12.5, 0.5, 13], "texture": "#potion"},
				"down": {"uv": [0, 14.5, 0.5, 15], "texture": "#potion"}
			}
		},
		{
			"from": [3, 2.5, 2],
			"to": [3.5, 3, 2.5],
			"rotation": {"angle": 0, "axis": "y", "origin": [10.5, 10, 9.5]},
			"faces": {
				"north": {"uv": [3, 15, 3.5, 15.5], "texture": "#potion"},
				"east": {"uv": [3, 15, 3.5, 15.5], "texture": "#potion"},
				"west": {"uv": [3, 15, 3.5, 15.5], "texture": "#potion"},
				"down": {"uv": [3, 15, 3.5, 15.5], "texture": "#potion"}
			}
		},
		{
			"from": [2, 2.5, 4.5],
			"to": [2.5, 3, 5],
			"rotation": {"angle": 0, "axis": "y", "origin": [9.5, 10, 12.5]},
			"faces": {
				"north": {"uv": [3, 15, 3.5, 15.5], "texture": "#potion"},
				"south": {"uv": [3, 15, 3.5, 15.5], "texture": "#potion"},
				"west": {"uv": [3, 15, 3.5, 15.5], "texture": "#potion"},
				"down": {"uv": [3, 15, 3.5, 15.5], "texture": "#potion"}
			}
		},
		{
			"from": [4.5, 2.5, 5.5],
			"to": [5, 3, 6],
			"rotation": {"angle": 0, "axis": "y", "origin": [12.5, 10, 13.5]},
			"faces": {
				"east": {"uv": [3, 15, 3.5, 15.5], "texture": "#potion"},
				"south": {"uv": [3, 15, 3.5, 15.5], "texture": "#potion"},
				"west": {"uv": [3, 15, 3.5, 15.5], "texture": "#potion"},
				"down": {"uv": [3, 15, 3.5, 15.5], "texture": "#potion"}
			}
		},
		{
			"from": [5.5, 2.5, 3],
			"to": [6, 3, 3.5],
			"rotation": {"angle": 0, "axis": "y", "origin": [13.5, 10, 10.5]},
			"faces": {
				"north": {"uv": [3, 15, 3.5, 15.5], "texture": "#potion"},
				"east": {"uv": [3, 15, 3.5, 15.5], "texture": "#potion"},
				"south": {"uv": [3, 15, 3.5, 15.5], "texture": "#potion"},
				"down": {"uv": [3, 15, 3.5, 15.5], "texture": "#potion"}
			}
		}
	]
}